FirstName LastName,Wheat Freqeuncy,Wheat Quantity,Wheat Seller,Sugercane Freqeuncy,Sugercane Quantity,Sugercane Seller,Rubber Freqeuncy,Rubber Quantity,Rubber Seller,Maize Freqeuncy,Maize Quantity,Maize Seller,Barley Freqeuncy,Barley Quantity,Barley Seller
Hayden Ripley,4,780,Tilly Beverages Ltd,2,684,Tilly Beverages Ltd,2,723,Clayton Circuitry Ltd,0,0,,4,712,Tilly Beverages Ltd
Lucy Lakey,6,7,Oakes Workshops Ltd,0,0,,2,656,Newport Promotions Ltd,0,0,,5,167,Newport Promotions Ltd
Daphne Long,1,697,Billingham Trading Ltd,6,173,Pryor Memorabilia Ltd,3,236,Tilly Beverages Ltd,6,45,Boyle Traders Ltd,4,748,Oakes Workshops Ltd
Percy Torres,1,943,Boyle Traders Ltd,1,5,Peabody Workwear Ltd,1,96,Billingham Trading Ltd,5,389,Harford Cameras Ltd,5,20,Billingham Trading Ltd
Vanessa Alldridge,3,608,Harford Cameras Ltd,1,900,Pryor Memorabilia Ltd,0,0,,6,313,Peabody Workwear Ltd,1,836,Billingham Trading Ltd
Jayden Rixon,3,45,Billingham Trading Ltd,0,0,,0,0,,1,242,Billingham Trading Ltd,1,559,Tilly Beverages Ltd
Phillip Matthews,1,827,Tilly Beverages Ltd,2,967,Clayton Circuitry Ltd,5,351,Billingham Trading Ltd,2,797,Clayton Circuitry Ltd,6,157,Billingham Trading Ltd
Brad Walton,6,207,Pryor Memorabilia Ltd,2,244,Pryor Memorabilia Ltd,4,53,Clayton Circuitry Ltd,5,99,Riverside Circuitry Ltd,5,242,Clayton Circuitry Ltd
Barry Scott,1,899,Newport Promotions Ltd,4,617,Riverside Circuitry Ltd,1,752,Tilly Beverages Ltd,0,0,,4,954,Riverside Circuitry Ltd
Tyler Benfield,0,0,,2,446,Harford Cameras Ltd,4,732,Newport Promotions Ltd,3,48,Boyle Traders Ltd,5,838,Peabody Workwear Ltd
Angel Donovan,2,780,Oakes Workshops Ltd,4,949,Boyle Traders Ltd,6,299,Riverside Circuitry Ltd,3,359,Billingham Trading Ltd,0,0,
Ryan Bristow,5,657,Peabody Workwear Ltd,3,819,Clayton Circuitry Ltd,3,945,Harford Cameras Ltd,1,365,Harford Cameras Ltd,0,0,
Roger Nayler,0,0,,1,192,Newport Promotions Ltd,2,632,Newport Promotions Ltd,2,246,Oakes Workshops Ltd,0,0,
Barney Butler,3,261,Peabody Workwear Ltd,5,748,Boyle Traders Ltd,6,341,Clayton Circuitry Ltd,5,938,Harford Cameras Ltd,6,172,Riverside Circuitry Ltd
Carmella Allcott,0,0,,1,783,Clayton Circuitry Ltd,3,292,Boyle Traders Ltd,2,307,Boyle Traders Ltd,0,0,
Sharon Wright,5,574,Clayton Circuitry Ltd,4,275,Oakes Workshops Ltd,4,520,Billingham Trading Ltd,4,922,Tilly Beverages Ltd,2,171,Billingham Trading Ltd
Josh Lunt,1,274,Clayton Circuitry Ltd,6,911,Billingham Trading Ltd,0,0,,2,93,Harford Cameras Ltd,0,0,
Kieth Jones,5,588,Pryor Memorabilia Ltd,3,70,Clayton Circuitry Ltd,0,0,,2,962,Riverside Circuitry Ltd,3,797,Clayton Circuitry Ltd
Domenic Varley,0,0,,3,275,Peabody Workwear Ltd,1,220,Pryor Memorabilia Ltd,6,237,Riverside Circuitry Ltd,3,525,Clayton Circuitry Ltd
Dorothy Preston,5,348,Clayton Circuitry Ltd,2,486,Riverside Circuitry Ltd,1,59,Peabody Workwear Ltd,4,809,Boyle Traders Ltd,2,988,Riverside Circuitry Ltd
Katelyn Farrow,6,866,Clayton Circuitry Ltd,2,460,Boyle Traders Ltd,2,240,Peabody Workwear Ltd,0,0,,0,0,
Hank Poole,2,977,Pryor Memorabilia Ltd,5,154,Riverside Circuitry Ltd,0,0,,1,484,Harford Cameras Ltd,6,79,Newport Promotions Ltd
Mark Lewin,0,0,,0,0,,5,317,Pryor Memorabilia Ltd,4,583,Tilly Beverages Ltd,0,0,
Oliver Goldsmith,0,0,,4,906,Tilly Beverages Ltd,6,205,Tilly Beverages Ltd,2,3,Boyle Traders Ltd,6,881,Newport Promotions Ltd
Sabina Radley,4,929,Oakes Workshops Ltd,1,987,Clayton Circuitry Ltd,6,735,Pryor Memorabilia Ltd,3,721,Newport Promotions Ltd,3,169,Boyle Traders Ltd
Brooklyn Higgs,2,3,Oakes Workshops Ltd,6,389,Tilly Beverages Ltd,3,939,Boyle Traders Ltd,6,926,Clayton Circuitry Ltd,1,410,Pryor Memorabilia Ltd
Russel Robe,6,965,Pryor Memorabilia Ltd,2,560,Clayton Circuitry Ltd,2,282,Peabody Workwear Ltd,0,0,,0,0,
Ciara Silva,5,124,Billingham Trading Ltd,1,299,Newport Promotions Ltd,4,702,Oakes Workshops Ltd,3,624,Pryor Memorabilia Ltd,3,393,Boyle Traders Ltd
Ivy Groves,4,744,Oakes Workshops Ltd,1,341,Newport Promotions Ltd,1,139,Pryor Memorabilia Ltd,6,318,Tilly Beverages Ltd,1,889,Pryor Memorabilia Ltd
Peter Dickson,6,283,Tilly Beverages Ltd,2,203,Newport Promotions Ltd,1,73,Riverside Circuitry Ltd,0,0,,6,45,Oakes Workshops Ltd
Jack Ballard,1,304,Riverside Circuitry Ltd,6,675,Riverside Circuitry Ltd,1,581,Oakes Workshops Ltd,4,801,Pryor Memorabilia Ltd,3,911,Peabody Workwear Ltd
Denis Tindall,2,476,Riverside Circuitry Ltd,1,668,Clayton Circuitry Ltd,6,33,Tilly Beverages Ltd,6,974,Pryor Memorabilia Ltd,0,0,
Zoe Emerson,0,0,,0,0,,1,66,Clayton Circuitry Ltd,0,0,,0,0,
Nicholas Foxley,1,190,Billingham Trading Ltd,5,335,Billingham Trading Ltd,0,0,,5,737,Billingham Trading Ltd,4,273,Billingham Trading Ltd
Barney Blackburn,4,628,Billingham Trading Ltd,3,920,Clayton Circuitry Ltd,1,568,Riverside Circuitry Ltd,5,970,Harford Cameras Ltd,2,908,Clayton Circuitry Ltd
Mark Jeffery,4,196,Clayton Circuitry Ltd,6,669,Newport Promotions Ltd,3,850,Clayton Circuitry Ltd,0,0,,3,928,Newport Promotions Ltd
Greta Ripley,0,0,,4,465,Pryor Memorabilia Ltd,0,0,,2,761,Boyle Traders Ltd,4,593,Newport Promotions Ltd
Sebastian Stone,5,672,Pryor Memorabilia Ltd,5,120,Pryor Memorabilia Ltd,5,512,Harford Cameras Ltd,2,472,Riverside Circuitry Ltd,1,361,Oakes Workshops Ltd
Henry Alcroft,6,782,Boyle Traders Ltd,0,0,,0,0,,0,0,,0,0,
Carter Lomax,0,0,,0,0,,1,206,Boyle Traders Ltd,0,0,,1,745,Pryor Memorabilia Ltd
Adelaide Tyler,2,966,Pryor Memorabilia Ltd,0,0,,6,364,Riverside Circuitry Ltd,5,474,Tilly Beverages Ltd,5,906,Boyle Traders Ltd
Jacob Miller,0,0,,2,612,Newport Promotions Ltd,4,190,Clayton Circuitry Ltd,5,232,Newport Promotions Ltd,3,121,Oakes Workshops Ltd
Marina Thomson,5,325,Newport Promotions Ltd,3,444,Riverside Circuitry Ltd,1,893,Boyle Traders Ltd,2,165,Pryor Memorabilia Ltd,6,928,Oakes Workshops Ltd
Nathan Simpson,6,137,Billingham Trading Ltd,0,0,,1,128,Clayton Circuitry Ltd,1,779,Clayton Circuitry Ltd,4,910,Harford Cameras Ltd
Freya Johnson,2,397,Boyle Traders Ltd,1,883,Clayton Circuitry Ltd,6,191,Tilly Beverages Ltd,1,952,Peabody Workwear Ltd,3,938,Oakes Workshops Ltd
Celia Donovan,3,93,Newport Promotions Ltd,6,714,Clayton Circuitry Ltd,3,447,Harford Cameras Ltd,3,618,Peabody Workwear Ltd,2,279,Harford Cameras Ltd
William Richards,5,221,Tilly Beverages Ltd,5,956,Newport Promotions Ltd,5,659,Oakes Workshops Ltd,1,440,Oakes Workshops Ltd,6,862,Boyle Traders Ltd
Sabrina Norburn,2,834,Boyle Traders Ltd,4,812,Riverside Circuitry Ltd,3,484,Boyle Traders Ltd,0,0,,1,192,Billingham Trading Ltd
Gil Logan,6,879,Peabody Workwear Ltd,0,0,,3,655,Peabody Workwear Ltd,0,0,,6,302,Harford Cameras Ltd
Alma Moran,0,0,,0,0,,1,666,Tilly Beverages Ltd,5,233,Peabody Workwear Ltd,4,135,Riverside Circuitry Ltd
Kendra Lewis,2,355,Riverside Circuitry Ltd,6,489,Oakes Workshops Ltd,5,246,Tilly Beverages Ltd,1,68,Boyle Traders Ltd,3,289,Tilly Beverages Ltd
Brad James,2,164,Peabody Workwear Ltd,6,842,Pryor Memorabilia Ltd,4,323,Newport Promotions Ltd,3,161,Boyle Traders Ltd,5,322,Tilly Beverages Ltd
Michael Bailey,0,0,,3,971,Clayton Circuitry Ltd,5,100,Boyle Traders Ltd,4,573,Peabody Workwear Ltd,3,922,Tilly Beverages Ltd
Luke Richards,0,0,,2,952,Pryor Memorabilia Ltd,5,529,Oakes Workshops Ltd,3,970,Clayton Circuitry Ltd,2,900,Riverside Circuitry Ltd
Ryan Pearson,2,625,Tilly Beverages Ltd,1,764,Pryor Memorabilia Ltd,2,892,Billingham Trading Ltd,1,475,Clayton Circuitry Ltd,6,634,Oakes Workshops Ltd
Vicky Mould,0,0,,3,330,Peabody Workwear Ltd,5,287,Newport Promotions Ltd,6,838,Newport Promotions Ltd,6,234,Billingham Trading Ltd
Felicity Yard,2,53,Oakes Workshops Ltd,3,553,Peabody Workwear Ltd,2,290,Pryor Memorabilia Ltd,0,0,,5,498,Riverside Circuitry Ltd
Gil Warren,1,904,Newport Promotions Ltd,6,675,Newport Promotions Ltd,0,0,,2,343,Oakes Workshops Ltd,0,0,
Carina Aldridge,0,0,,5,885,Billingham Trading Ltd,5,178,Billingham Trading Ltd,3,145,Peabody Workwear Ltd,3,155,Harford Cameras Ltd
Enoch Quinn,0,0,,6,266,Boyle Traders Ltd,4,435,Newport Promotions Ltd,3,677,Tilly Beverages Ltd,2,485,Billingham Trading Ltd
Wade Allen,1,867,Billingham Trading Ltd,4,809,Harford Cameras Ltd,4,105,Pryor Memorabilia Ltd,1,294,Pryor Memorabilia Ltd,1,529,Pryor Memorabilia Ltd
Josh Ainsworth,0,0,,0,0,,6,150,Tilly Beverages Ltd,2,623,Newport Promotions Ltd,5,318,Pryor Memorabilia Ltd
Marvin Bloom,3,72,Riverside Circuitry Ltd,5,702,Riverside Circuitry Ltd,0,0,,5,943,Clayton Circuitry Ltd,6,963,Riverside Circuitry Ltd
Chuck Shepherd,4,543,Pryor Memorabilia Ltd,0,0,,4,263,Tilly Beverages Ltd,3,722,Clayton Circuitry Ltd,2,419,Tilly Beverages Ltd
Amy Reid,3,115,Boyle Traders Ltd,4,301,Newport Promotions Ltd,4,431,Billingham Trading Ltd,0,0,,0,0,
Adalie Allcott,2,337,Tilly Beverages Ltd,1,134,Billingham Trading Ltd,0,0,,3,885,Newport Promotions Ltd,0,0,
Rachael Smith,5,151,Boyle Traders Ltd,1,798,Billingham Trading Ltd,3,946,Tilly Beverages Ltd,6,99,Riverside Circuitry Ltd,0,0,
Martha Pearson,4,894,Clayton Circuitry Ltd,4,458,Pryor Memorabilia Ltd,0,0,,2,614,Oakes Workshops Ltd,0,0,
Penelope Verdon,0,0,,4,874,Oakes Workshops Ltd,6,377,Pryor Memorabilia Ltd,2,45,Riverside Circuitry Ltd,6,746,Harford Cameras Ltd
Alexander Styles,5,932,Tilly Beverages Ltd,2,515,Billingham Trading Ltd,5,810,Harford Cameras Ltd,3,12,Peabody Workwear Ltd,6,428,Tilly Beverages Ltd
Rocco Matthews,1,667,Riverside Circuitry Ltd,5,877,Pryor Memorabilia Ltd,1,390,Tilly Beverages Ltd,5,821,Riverside Circuitry Ltd,5,871,Pryor Memorabilia Ltd
Carl Hall,1,868,Newport Promotions Ltd,6,893,Oakes Workshops Ltd,0,0,,2,203,Newport Promotions Ltd,5,507,Clayton Circuitry Ltd
Callie Stewart,4,2,Boyle Traders Ltd,2,126,Pryor Memorabilia Ltd,5,566,Tilly Beverages Ltd,2,851,Pryor Memorabilia Ltd,2,104,Newport Promotions Ltd
Shelby Wallace,2,221,Clayton Circuitry Ltd,3,531,Peabody Workwear Ltd,0,0,,4,239,Riverside Circuitry Ltd,2,913,Pryor Memorabilia Ltd
Roger Kerr,3,766,Boyle Traders Ltd,2,576,Newport Promotions Ltd,2,587,Harford Cameras Ltd,3,11,Peabody Workwear Ltd,6,410,Harford Cameras Ltd
Mackenzie Lewis,4,96,Boyle Traders Ltd,0,0,,3,14,Boyle Traders Ltd,0,0,,1,227,Tilly Beverages Ltd
Rachael Holmes,5,483,Boyle Traders Ltd,0,0,,0,0,,6,923,Boyle Traders Ltd,0,0,
Nicholas Wright,2,343,Oakes Workshops Ltd,6,256,Billingham Trading Ltd,6,326,Billingham Trading Ltd,0,0,,5,225,Riverside Circuitry Ltd
Johnathan Harris,1,805,Clayton Circuitry Ltd,4,303,Boyle Traders Ltd,3,831,Peabody Workwear Ltd,1,603,Clayton Circuitry Ltd,4,380,Pryor Memorabilia Ltd
Daphne Healy,1,544,Newport Promotions Ltd,5,507,Clayton Circuitry Ltd,3,962,Billingham Trading Ltd,6,23,Peabody Workwear Ltd,5,90,Clayton Circuitry Ltd
Trisha Quinn,4,561,Oakes Workshops Ltd,0,0,,5,185,Harford Cameras Ltd,3,170,Harford Cameras Ltd,4,613,Tilly Beverages Ltd
Ryan Jordan,1,791,Clayton Circuitry Ltd,1,458,Riverside Circuitry Ltd,1,683,Billingham Trading Ltd,5,246,Riverside Circuitry Ltd,0,0,
Barney Edley,2,336,Riverside Circuitry Ltd,2,134,Newport Promotions Ltd,5,976,Pryor Memorabilia Ltd,3,88,Peabody Workwear Ltd,6,374,Harford Cameras Ltd
Carl Fenton,1,603,Billingham Trading Ltd,2,310,Billingham Trading Ltd,0,0,,1,375,Oakes Workshops Ltd,5,247,Boyle Traders Ltd
Cynthia Fields,1,708,Newport Promotions Ltd,0,0,,0,0,,4,673,Billingham Trading Ltd,1,214,Newport Promotions Ltd
Aiden Drew,1,961,Oakes Workshops Ltd,0,0,,3,294,Newport Promotions Ltd,2,988,Tilly Beverages Ltd,1,304,Harford Cameras Ltd
Erick Cavanagh,5,437,Oakes Workshops Ltd,3,695,Oakes Workshops Ltd,5,777,Oakes Workshops Ltd,5,632,Peabody Workwear Ltd,2,523,Newport Promotions Ltd
Emma Mooney,4,32,Billingham Trading Ltd,3,313,Pryor Memorabilia Ltd,4,283,Peabody Workwear Ltd,5,794,Billingham Trading Ltd,0,0,
Matthew Nelson,3,907,Clayton Circuitry Ltd,5,720,Peabody Workwear Ltd,2,729,Peabody Workwear Ltd,3,977,Tilly Beverages Ltd,0,0,
Zara Shields,2,106,Harford Cameras Ltd,4,283,Peabody Workwear Ltd,3,981,Newport Promotions Ltd,2,176,Oakes Workshops Ltd,0,0,
Carter Poulton,4,359,Riverside Circuitry Ltd,1,996,Oakes Workshops Ltd,4,31,Harford Cameras Ltd,6,699,Harford Cameras Ltd,6,342,Clayton Circuitry Ltd
Henry Khan,6,867,Peabody Workwear Ltd,5,815,Pryor Memorabilia Ltd,6,584,Newport Promotions Ltd,3,904,Boyle Traders Ltd,4,482,Peabody Workwear Ltd
John King,0,0,,0,0,,6,519,Oakes Workshops Ltd,2,236,Pryor Memorabilia Ltd,5,930,Billingham Trading Ltd
Hank Hepburn,5,796,Billingham Trading Ltd,2,698,Newport Promotions Ltd,6,804,Riverside Circuitry Ltd,1,418,Tilly Beverages Ltd,4,869,Oakes Workshops Ltd
Denis Dann,0,0,,2,495,Tilly Beverages Ltd,2,939,Oakes Workshops Ltd,4,183,Pryor Memorabilia Ltd,4,957,Tilly Beverages Ltd
Ivette Olivier,3,118,Harford Cameras Ltd,4,317,Harford Cameras Ltd,1,220,Oakes Workshops Ltd,5,109,Newport Promotions Ltd,3,239,Pryor Memorabilia Ltd
Anne Clifford,3,507,Boyle Traders Ltd,0,0,,5,455,Pryor Memorabilia Ltd,4,81,Newport Promotions Ltd,2,389,Tilly Beverages Ltd
Brad Jarvis,4,901,Pryor Memorabilia Ltd,2,363,Pryor Memorabilia Ltd,0,0,,2,422,Tilly Beverages Ltd,1,282,Peabody Workwear Ltd
Nick Flynn,5,455,Pryor Memorabilia Ltd,3,390,Boyle Traders Ltd,0,0,,0,0,,5,887,Newport Promotions Ltd
Anne Booth,6,531,Newport Promotions Ltd,6,640,Tilly Beverages Ltd,4,521,Clayton Circuitry Ltd,0,0,,0,0,
Jamie Lambert,0,0,,2,205,Newport Promotions Ltd,3,652,Pryor Memorabilia Ltd,0,0,,6,870,Pryor Memorabilia Ltd
Anthony Craig,5,437,Peabody Workwear Ltd,6,702,Harford Cameras Ltd,1,691,Peabody Workwear Ltd,2,640,Boyle Traders Ltd,6,671,Billingham Trading Ltd
Maria Hancock,6,916,Oakes Workshops Ltd,0,0,,2,381,Oakes Workshops Ltd,0,0,,1,714,Billingham Trading Ltd
Liv Ianson,3,382,Harford Cameras Ltd,1,780,Boyle Traders Ltd,1,565,Billingham Trading Ltd,1,407,Riverside Circuitry Ltd,2,602,Harford Cameras Ltd
Doug Irving,4,511,Tilly Beverages Ltd,2,275,Peabody Workwear Ltd,2,646,Riverside Circuitry Ltd,0,0,,0,0,
David Pierce,5,619,Billingham Trading Ltd,1,239,Riverside Circuitry Ltd,0,0,,2,469,Riverside Circuitry Ltd,3,45,Riverside Circuitry Ltd
Selena Thorpe,3,909,Riverside Circuitry Ltd,5,884,Clayton Circuitry Ltd,2,393,Clayton Circuitry Ltd,3,884,Harford Cameras Ltd,2,452,Oakes Workshops Ltd
Judith Randall,1,970,Clayton Circuitry Ltd,3,294,Billingham Trading Ltd,5,838,Newport Promotions Ltd,5,785,Pryor Memorabilia Ltd,5,302,Newport Promotions Ltd
Javier Atkinson,5,344,Newport Promotions Ltd,5,303,Newport Promotions Ltd,2,991,Riverside Circuitry Ltd,5,157,Clayton Circuitry Ltd,3,873,Harford Cameras Ltd
Chuck James,6,16,Pryor Memorabilia Ltd,6,649,Riverside Circuitry Ltd,0,0,,6,853,Clayton Circuitry Ltd,0,0,
Harriet Garner,4,422,Pryor Memorabilia Ltd,6,978,Harford Cameras Ltd,4,19,Pryor Memorabilia Ltd,6,606,Peabody Workwear Ltd,2,384,Tilly Beverages Ltd
Bernadette Vallory,2,298,Peabody Workwear Ltd,5,348,Boyle Traders Ltd,6,409,Riverside Circuitry Ltd,6,653,Riverside Circuitry Ltd,5,193,Peabody Workwear Ltd
Tyson Reyes,5,242,Boyle Traders Ltd,4,866,Billingham Trading Ltd,1,364,Pryor Memorabilia Ltd,5,552,Boyle Traders Ltd,0,0,
Dakota Robinson,5,884,Peabody Workwear Ltd,3,282,Clayton Circuitry Ltd,6,479,Newport Promotions Ltd,6,16,Pryor Memorabilia Ltd,2,273,Pryor Memorabilia Ltd
Roger Vernon,3,784,Clayton Circuitry Ltd,0,0,,0,0,,2,155,Harford Cameras Ltd,5,563,Boyle Traders Ltd
Lucas Clarke,3,682,Newport Promotions Ltd,0,0,,1,728,Newport Promotions Ltd,3,605,Tilly Beverages Ltd,5,780,Harford Cameras Ltd
Wade Janes,2,910,Billingham Trading Ltd,0,0,,6,190,Oakes Workshops Ltd,1,508,Harford Cameras Ltd,5,255,Peabody Workwear Ltd
Emma Duvall,1,309,Clayton Circuitry Ltd,5,826,Billingham Trading Ltd,2,387,Newport Promotions Ltd,4,233,Clayton Circuitry Ltd,0,0,
Joseph Wright,4,795,Billingham Trading Ltd,5,995,Oakes Workshops Ltd,4,260,Newport Promotions Ltd,4,923,Riverside Circuitry Ltd,1,510,Harford Cameras Ltd
Kieth Clark,3,750,Tilly Beverages Ltd,3,863,Oakes Workshops Ltd,2,812,Peabody Workwear Ltd,3,61,Riverside Circuitry Ltd,3,150,Peabody Workwear Ltd
Harry Vincent,2,692,Harford Cameras Ltd,6,92,Peabody Workwear Ltd,3,46,Peabody Workwear Ltd,2,673,Peabody Workwear Ltd,3,382,Pryor Memorabilia Ltd
Danny Norman,4,320,Newport Promotions Ltd,6,377,Newport Promotions Ltd,2,876,Harford Cameras Ltd,1,634,Billingham Trading Ltd,3,507,Pryor Memorabilia Ltd
Alan Eyres,0,0,,1,951,Newport Promotions Ltd,1,519,Riverside Circuitry Ltd,1,483,Billingham Trading Ltd,3,226,Peabody Workwear Ltd
Domenic Cork,0,0,,5,18,Peabody Workwear Ltd,4,425,Clayton Circuitry Ltd,0,0,,1,28,Newport Promotions Ltd
Cedrick Cartwright,6,651,Tilly Beverages Ltd,5,806,Boyle Traders Ltd,4,952,Pryor Memorabilia Ltd,2,821,Clayton Circuitry Ltd,4,682,Harford Cameras Ltd
Manuel Oakley,2,496,Pryor Memorabilia Ltd,0,0,,3,8,Pryor Memorabilia Ltd,4,155,Oakes Workshops Ltd,5,765,Billingham Trading Ltd
Sebastian Oakley,1,15,Oakes Workshops Ltd,4,293,Oakes Workshops Ltd,6,210,Clayton Circuitry Ltd,4,744,Pryor Memorabilia Ltd,5,78,Peabody Workwear Ltd
Henry Warden,6,417,Clayton Circuitry Ltd,4,963,Newport Promotions Ltd,1,93,Oakes Workshops Ltd,0,0,,1,842,Billingham Trading Ltd
Cedrick Doherty,0,0,,1,657,Oakes Workshops Ltd,4,640,Pryor Memorabilia Ltd,6,124,Peabody Workwear Ltd,0,0,
Marvin Middleton,5,267,Pryor Memorabilia Ltd,6,163,Clayton Circuitry Ltd,4,616,Oakes Workshops Ltd,5,145,Billingham Trading Ltd,4,598,Harford Cameras Ltd
Julia Shields,0,0,,5,593,Pryor Memorabilia Ltd,4,743,Clayton Circuitry Ltd,1,230,Oakes Workshops Ltd,6,448,Clayton Circuitry Ltd
Sebastian Nobbs,1,205,Peabody Workwear Ltd,4,422,Boyle Traders Ltd,2,563,Newport Promotions Ltd,5,265,Riverside Circuitry Ltd,3,985,Riverside Circuitry Ltd
Andie Ashley,4,715,Peabody Workwear Ltd,3,866,Newport Promotions Ltd,0,0,,4,496,Newport Promotions Ltd,1,446,Riverside Circuitry Ltd
Jaylene Smith,6,397,Riverside Circuitry Ltd,0,0,,5,574,Clayton Circuitry Ltd,1,66,Harford Cameras Ltd,5,931,Tilly Beverages Ltd
Melanie Whatson,6,193,Peabody Workwear Ltd,2,458,Oakes Workshops Ltd,0,0,,4,745,Harford Cameras Ltd,3,870,Clayton Circuitry Ltd
Luke Hastings,0,0,,0,0,,4,518,Harford Cameras Ltd,5,163,Riverside Circuitry Ltd,1,318,Clayton Circuitry Ltd
Mike Grey,5,715,Pryor Memorabilia Ltd,2,29,Tilly Beverages Ltd,0,0,,2,452,Oakes Workshops Ltd,5,463,Billingham Trading Ltd
Chris Davies,1,391,Billingham Trading Ltd,5,996,Harford Cameras Ltd,2,570,Tilly Beverages Ltd,2,549,Boyle Traders Ltd,2,935,Harford Cameras Ltd
Hank Freeburn,4,189,Newport Promotions Ltd,6,798,Harford Cameras Ltd,6,179,Newport Promotions Ltd,1,115,Newport Promotions Ltd,3,901,Newport Promotions Ltd
Mya Tyler,6,544,Oakes Workshops Ltd,5,610,Peabody Workwear Ltd,4,693,Oakes Workshops Ltd,0,0,,2,335,Oakes Workshops Ltd
Shay Kirby,5,497,Newport Promotions Ltd,0,0,,0,0,,0,0,,6,746,Clayton Circuitry Ltd
Ema Evans,2,717,Harford Cameras Ltd,4,851,Harford Cameras Ltd,0,0,,5,748,Newport Promotions Ltd,5,12,Riverside Circuitry Ltd
Margot Snell,2,885,Boyle Traders Ltd,6,7,Boyle Traders Ltd,0,0,,0,0,,0,0,
Dasha Shaw,6,689,Harford Cameras Ltd,6,548,Billingham Trading Ltd,6,892,Riverside Circuitry Ltd,3,230,Clayton Circuitry Ltd,5,798,Harford Cameras Ltd
Daron Kelly,0,0,,4,92,Oakes Workshops Ltd,6,526,Oakes Workshops Ltd,0,0,,5,922,Oakes Workshops Ltd
Anthony Rees,6,111,Newport Promotions Ltd,0,0,,3,974,Pryor Memorabilia Ltd,2,183,Newport Promotions Ltd,1,593,Clayton Circuitry Ltd
Harry Ogilvy,3,438,Billingham Trading Ltd,4,710,Pryor Memorabilia Ltd,4,716,Pryor Memorabilia Ltd,6,280,Newport Promotions Ltd,5,502,Pryor Memorabilia Ltd
Carmen Avery,0,0,,4,936,Pryor Memorabilia Ltd,4,110,Oakes Workshops Ltd,0,0,,2,907,Clayton Circuitry Ltd
Ethan Addison,3,335,Clayton Circuitry Ltd,3,980,Pryor Memorabilia Ltd,0,0,,3,615,Harford Cameras Ltd,1,441,Harford Cameras Ltd
Bart Rowlands,4,727,Riverside Circuitry Ltd,1,596,Newport Promotions Ltd,1,144,Boyle Traders Ltd,2,996,Harford Cameras Ltd,3,941,Boyle Traders Ltd
Martha Richardson,4,376,Tilly Beverages Ltd,6,210,Riverside Circuitry Ltd,4,623,Harford Cameras Ltd,4,687,Boyle Traders Ltd,0,0,
Elijah Johnson,2,343,Boyle Traders Ltd,3,379,Newport Promotions Ltd,3,986,Boyle Traders Ltd,6,324,Clayton Circuitry Ltd,1,834,Harford Cameras Ltd
Manuel Powell,4,387,Clayton Circuitry Ltd,3,927,Billingham Trading Ltd,2,988,Harford Cameras Ltd,3,553,Billingham Trading Ltd,1,282,Oakes Workshops Ltd
Lucas Plumb,6,958,Pryor Memorabilia Ltd,6,351,Billingham Trading Ltd,5,807,Clayton Circuitry Ltd,0,0,,2,534,Boyle Traders Ltd
Taylor Shields,5,199,Clayton Circuitry Ltd,0,0,,3,808,Pryor Memorabilia Ltd,0,0,,4,564,Clayton Circuitry Ltd
Emely Swift,0,0,,4,171,Newport Promotions Ltd,6,964,Clayton Circuitry Ltd,6,200,Harford Cameras Ltd,4,971,Clayton Circuitry Ltd
Alice Brooks,6,400,Boyle Traders Ltd,2,950,Clayton Circuitry Ltd,3,674,Tilly Beverages Ltd,0,0,,1,816,Peabody Workwear Ltd
Mackenzie Herbert,1,586,Peabody Workwear Ltd,0,0,,6,372,Tilly Beverages Ltd,2,965,Newport Promotions Ltd,1,945,Harford Cameras Ltd
Alice Cavanagh,1,962,Boyle Traders Ltd,4,859,Harford Cameras Ltd,3,373,Boyle Traders Ltd,0,0,,2,507,Newport Promotions Ltd
Tony Flynn,1,860,Peabody Workwear Ltd,1,632,Oakes Workshops Ltd,3,521,Clayton Circuitry Ltd,0,0,,3,159,Harford Cameras Ltd
Madelyn Hamilton,1,81,Newport Promotions Ltd,6,723,Clayton Circuitry Ltd,1,275,Pryor Memorabilia Ltd,4,459,Pryor Memorabilia Ltd,2,524,Tilly Beverages Ltd
Carl Mason,3,490,Billingham Trading Ltd,0,0,,6,365,Harford Cameras Ltd,3,591,Pryor Memorabilia Ltd,2,793,Peabody Workwear Ltd
Rocco Corbett,2,838,Newport Promotions Ltd,0,0,,4,524,Pryor Memorabilia Ltd,6,620,Oakes Workshops Ltd,4,230,Clayton Circuitry Ltd
Rufus Lewis,5,895,Billingham Trading Ltd,0,0,,6,432,Pryor Memorabilia Ltd,1,905,Boyle Traders Ltd,0,0,
Rosalyn Hall,4,665,Peabody Workwear Ltd,3,122,Riverside Circuitry Ltd,0,0,,4,641,Peabody Workwear Ltd,3,168,Boyle Traders Ltd
Camellia Daniells,3,377,Oakes Workshops Ltd,4,166,Peabody Workwear Ltd,6,417,Oakes Workshops Ltd,1,750,Boyle Traders Ltd,5,504,Peabody Workwear Ltd
Dalia Jackson,1,799,Clayton Circuitry Ltd,4,515,Tilly Beverages Ltd,5,88,Boyle Traders Ltd,4,578,Riverside Circuitry Ltd,3,967,Riverside Circuitry Ltd
Hayden Shaw,6,420,Billingham Trading Ltd,3,864,Harford Cameras Ltd,5,779,Boyle Traders Ltd,3,470,Boyle Traders Ltd,6,77,Newport Promotions Ltd
Freya Ebden,5,408,Riverside Circuitry Ltd,3,546,Pryor Memorabilia Ltd,6,803,Riverside Circuitry Ltd,0,0,,4,181,Newport Promotions Ltd
Alan Davies,6,366,Oakes Workshops Ltd,1,96,Boyle Traders Ltd,0,0,,0,0,,5,900,Oakes Workshops Ltd
Denny Thompson,2,264,Newport Promotions Ltd,3,5,Tilly Beverages Ltd,3,756,Billingham Trading Ltd,3,33,Clayton Circuitry Ltd,2,623,Boyle Traders Ltd
Destiny Sloan,0,0,,2,766,Peabody Workwear Ltd,0,0,,2,426,Billingham Trading Ltd,2,570,Newport Promotions Ltd
Eve Skinner,5,195,Oakes Workshops Ltd,6,944,Harford Cameras Ltd,0,0,,0,0,,2,495,Tilly Beverages Ltd
Naomi Stewart,3,590,Newport Promotions Ltd,0,0,,4,148,Harford Cameras Ltd,6,515,Riverside Circuitry Ltd,5,835,Pryor Memorabilia Ltd
Sabrina Jarrett,2,987,Boyle Traders Ltd,6,766,Billingham Trading Ltd,0,0,,2,783,Tilly Beverages Ltd,0,0,
Matt Slater,4,287,Peabody Workwear Ltd,2,984,Billingham Trading Ltd,6,200,Billingham Trading Ltd,3,558,Peabody Workwear Ltd,6,160,Harford Cameras Ltd
Marilyn Cassidy,0,0,,1,621,Boyle Traders Ltd,5,88,Pryor Memorabilia Ltd,1,539,Peabody Workwear Ltd,2,124,Oakes Workshops Ltd
Tyler Gallacher,5,600,Newport Promotions Ltd,5,260,Newport Promotions Ltd,5,151,Newport Promotions Ltd,5,70,Clayton Circuitry Ltd,5,227,Billingham Trading Ltd
Bob Oliver,6,483,Clayton Circuitry Ltd,5,415,Clayton Circuitry Ltd,3,461,Harford Cameras Ltd,1,701,Harford Cameras Ltd,4,466,Peabody Workwear Ltd
Dakota Potter,6,285,Boyle Traders Ltd,0,0,,6,539,Clayton Circuitry Ltd,4,911,Billingham Trading Ltd,0,0,
Nicholas Mason,6,466,Riverside Circuitry Ltd,6,183,Oakes Workshops Ltd,4,140,Riverside Circuitry Ltd,1,98,Newport Promotions Ltd,3,865,Oakes Workshops Ltd
Martha Burge,3,778,Newport Promotions Ltd,2,730,Riverside Circuitry Ltd,1,398,Oakes Workshops Ltd,2,55,Oakes Workshops Ltd,0,0,
Melania Hood,4,305,Peabody Workwear Ltd,0,0,,2,741,Clayton Circuitry Ltd,0,0,,0,0,
Daniel Button,5,722,Newport Promotions Ltd,3,493,Oakes Workshops Ltd,4,948,Clayton Circuitry Ltd,1,188,Billingham Trading Ltd,6,840,Peabody Workwear Ltd
Ruth Kennedy,4,271,Oakes Workshops Ltd,0,0,,0,0,,6,364,Newport Promotions Ltd,6,273,Peabody Workwear Ltd
Brad Ingram,6,494,Oakes Workshops Ltd,4,757,Boyle Traders Ltd,1,669,Boyle Traders Ltd,3,713,Oakes Workshops Ltd,6,634,Pryor Memorabilia Ltd
Danny Morley,3,392,Tilly Beverages Ltd,0,0,,4,435,Harford Cameras Ltd,4,72,Billingham Trading Ltd,1,676,Riverside Circuitry Ltd
Sebastian Glass,1,954,Pryor Memorabilia Ltd,1,88,Oakes Workshops Ltd,0,0,,3,77,Pryor Memorabilia Ltd,4,59,Oakes Workshops Ltd
Erin Dyson,0,0,,0,0,,2,370,Newport Promotions Ltd,0,0,,6,355,Harford Cameras Ltd
Daron Gates,4,558,Clayton Circuitry Ltd,6,983,Tilly Beverages Ltd,3,692,Pryor Memorabilia Ltd,2,682,Billingham Trading Ltd,0,0,
Morgan Cox,0,0,,1,216,Clayton Circuitry Ltd,1,817,Billingham Trading Ltd,1,828,Oakes Workshops Ltd,1,633,Billingham Trading Ltd
Joseph Attwood,6,308,Peabody Workwear Ltd,1,572,Clayton Circuitry Ltd,1,407,Boyle Traders Ltd,6,372,Boyle Traders Ltd,6,68,Riverside Circuitry Ltd
Anne Leigh,6,582,Newport Promotions Ltd,0,0,,0,0,,1,870,Riverside Circuitry Ltd,0,0,
Joseph Webster,5,903,Newport Promotions Ltd,2,503,Newport Promotions Ltd,0,0,,1,944,Clayton Circuitry Ltd,3,387,Peabody Workwear Ltd
Keira Parr,4,39,Tilly Beverages Ltd,2,466,Clayton Circuitry Ltd,2,597,Newport Promotions Ltd,4,629,Pryor Memorabilia Ltd,3,863,Oakes Workshops Ltd
Joyce Connell,3,484,Pryor Memorabilia Ltd,0,0,,2,607,Peabody Workwear Ltd,2,558,Oakes Workshops Ltd,0,0,
Gabriel Wilson,6,472,Billingham Trading Ltd,0,0,,3,346,Pryor Memorabilia Ltd,0,0,,5,855,Harford Cameras Ltd
Harvey London,5,170,Billingham Trading Ltd,3,863,Clayton Circuitry Ltd,6,128,Newport Promotions Ltd,2,864,Newport Promotions Ltd,5,975,Pryor Memorabilia Ltd
Bree Glass,2,243,Billingham Trading Ltd,5,861,Pryor Memorabilia Ltd,6,101,Clayton Circuitry Ltd,1,927,Pryor Memorabilia Ltd,1,700,Clayton Circuitry Ltd
Rae Hepburn,4,36,Riverside Circuitry Ltd,1,885,Tilly Beverages Ltd,6,130,Riverside Circuitry Ltd,1,699,Oakes Workshops Ltd,1,232,Billingham Trading Ltd
Chad Lakey,5,725,Tilly Beverages Ltd,0,0,,1,926,Peabody Workwear Ltd,0,0,,5,771,Tilly Beverages Ltd
Daria Drummond,4,889,Pryor Memorabilia Ltd,6,129,Billingham Trading Ltd,4,32,Oakes Workshops Ltd,6,989,Pryor Memorabilia Ltd,5,901,Pryor Memorabilia Ltd
Carl Allwood,5,166,Newport Promotions Ltd,4,107,Riverside Circuitry Ltd,6,680,Billingham Trading Ltd,0,0,,3,326,Peabody Workwear Ltd
Josh Pearce,4,956,Harford Cameras Ltd,6,339,Oakes Workshops Ltd,5,722,Pryor Memorabilia Ltd,2,613,Newport Promotions Ltd,5,667,Riverside Circuitry Ltd
Felicity Shea,6,91,Harford Cameras Ltd,0,0,,4,697,Harford Cameras Ltd,0,0,,1,198,Oakes Workshops Ltd
Ryan Trent,4,90,Boyle Traders Ltd,4,817,Pryor Memorabilia Ltd,6,75,Pryor Memorabilia Ltd,2,148,Billingham Trading Ltd,0,0,
Peter Quinton,6,17,Riverside Circuitry Ltd,6,526,Billingham Trading Ltd,2,135,Pryor Memorabilia Ltd,3,294,Boyle Traders Ltd,4,646,Harford Cameras Ltd
Hayden Skinner,5,4,Clayton Circuitry Ltd,1,608,Clayton Circuitry Ltd,3,308,Oakes Workshops Ltd,1,259,Tilly Beverages Ltd,4,474,Newport Promotions Ltd
Analise Grady,0,0,,0,0,,5,891,Riverside Circuitry Ltd,4,169,Billingham Trading Ltd,0,0,
Henry Thomas,2,249,Tilly Beverages Ltd,1,25,Oakes Workshops Ltd,2,855,Riverside Circuitry Ltd,3,265,Clayton Circuitry Ltd,0,0,
Ryan Ross,1,933,Harford Cameras Ltd,0,0,,4,625,Newport Promotions Ltd,1,68,Oakes Workshops Ltd,3,667,Tilly Beverages Ltd
Nancy Flett,3,879,Peabody Workwear Ltd,0,0,,4,889,Clayton Circuitry Ltd,5,532,Oakes Workshops Ltd,6,720,Boyle Traders Ltd
Andie Phillips,0,0,,5,230,Billingham Trading Ltd,0,0,,6,121,Tilly Beverages Ltd,2,139,Pryor Memorabilia Ltd
Caydence Dickson,1,618,Harford Cameras Ltd,1,381,Harford Cameras Ltd,1,38,Peabody Workwear Ltd,6,765,Riverside Circuitry Ltd,3,785,Peabody Workwear Ltd
Willow Allen,5,282,Harford Cameras Ltd,3,272,Oakes Workshops Ltd,0,0,,2,223,Newport Promotions Ltd,0,0,
Maribel Beal,6,369,Pryor Memorabilia Ltd,2,744,Harford Cameras Ltd,0,0,,4,776,Newport Promotions Ltd,4,831,Peabody Workwear Ltd
Javier Ellis,3,512,Pryor Memorabilia Ltd,6,687,Clayton Circuitry Ltd,2,601,Pryor Memorabilia Ltd,1,5,Oakes Workshops Ltd,1,862,Riverside Circuitry Ltd
Adelaide Huggins,6,857,Harford Cameras Ltd,1,469,Billingham Trading Ltd,4,482,Boyle Traders Ltd,3,961,Pryor Memorabilia Ltd,2,984,Riverside Circuitry Ltd
Matt Norton,5,713,Riverside Circuitry Ltd,0,0,,4,128,Harford Cameras Ltd,4,755,Peabody Workwear Ltd,4,388,Riverside Circuitry Ltd
Roger Hastings,4,321,Tilly Beverages Ltd,0,0,,2,628,Billingham Trading Ltd,2,344,Clayton Circuitry Ltd,0,0,
Oliver Mccall,3,352,Peabody Workwear Ltd,3,634,Clayton Circuitry Ltd,6,286,Billingham Trading Ltd,4,396,Pryor Memorabilia Ltd,0,0,
Leroy Flett,5,158,Peabody Workwear Ltd,0,0,,1,66,Newport Promotions Ltd,2,457,Newport Promotions Ltd,5,6,Boyle Traders Ltd
Lindsay Needham,4,147,Peabody Workwear Ltd,1,883,Pryor Memorabilia Ltd,1,488,Newport Promotions Ltd,3,15,Peabody Workwear Ltd,4,548,Pryor Memorabilia Ltd
Belinda Summers,1,106,Clayton Circuitry Ltd,3,34,Oakes Workshops Ltd,2,992,Riverside Circuitry Ltd,1,431,Pryor Memorabilia Ltd,3,310,Tilly Beverages Ltd
Isla Salt,5,449,Riverside Circuitry Ltd,0,0,,0,0,,5,844,Pryor Memorabilia Ltd,0,0,
Doris Marshall,2,555,Boyle Traders Ltd,1,54,Clayton Circuitry Ltd,5,883,Riverside Circuitry Ltd,6,474,Clayton Circuitry Ltd,6,830,Oakes Workshops Ltd
Tyler Collins,6,55,Newport Promotions Ltd,4,405,Boyle Traders Ltd,0,0,,2,710,Billingham Trading Ltd,0,0,
Tom Cartwright,3,661,Boyle Traders Ltd,3,620,Boyle Traders Ltd,4,22,Newport Promotions Ltd,3,736,Harford Cameras Ltd,1,393,Harford Cameras Ltd
Erick Faulkner,0,0,,4,706,Boyle Traders Ltd,0,0,,5,36,Harford Cameras Ltd,5,775,Oakes Workshops Ltd
John Stubbs,2,675,Harford Cameras Ltd,4,896,Pryor Memorabilia Ltd,5,699,Clayton Circuitry Ltd,6,281,Peabody Workwear Ltd,4,190,Pryor Memorabilia Ltd
Leilani Wilkinson,2,615,Boyle Traders Ltd,4,146,Pryor Memorabilia Ltd,0,0,,1,669,Harford Cameras Ltd,1,318,Oakes Workshops Ltd
Kate Michael,0,0,,2,962,Clayton Circuitry Ltd,0,0,,3,705,Billingham Trading Ltd,5,917,Riverside Circuitry Ltd
Anne Russel,3,202,Tilly Beverages Ltd,4,361,Tilly Beverages Ltd,6,176,Oakes Workshops Ltd,0,0,,6,805,Harford Cameras Ltd
Sloane Lane,6,893,Pryor Memorabilia Ltd,1,233,Harford Cameras Ltd,2,614,Harford Cameras Ltd,2,563,Clayton Circuitry Ltd,0,0,
Chad Vince,1,29,Pryor Memorabilia Ltd,1,205,Pryor Memorabilia Ltd,2,640,Riverside Circuitry Ltd,2,965,Newport Promotions Ltd,2,387,Boyle Traders Ltd
Robyn Cooper,4,978,Oakes Workshops Ltd,6,145,Pryor Memorabilia Ltd,0,0,,3,766,Peabody Workwear Ltd,6,306,Billingham Trading Ltd
Alan Thatcher,1,792,Newport Promotions Ltd,6,278,Harford Cameras Ltd,0,0,,6,336,Harford Cameras Ltd,6,259,Oakes Workshops Ltd
Barry Stevens,4,689,Tilly Beverages Ltd,2,849,Pryor Memorabilia Ltd,0,0,,3,692,Oakes Workshops Ltd,6,747,Riverside Circuitry Ltd
Savannah Greenwood,1,12,Riverside Circuitry Ltd,0,0,,6,380,Tilly Beverages Ltd,1,867,Riverside Circuitry Ltd,6,956,Newport Promotions Ltd
Jacob Darcy,1,403,Oakes Workshops Ltd,1,482,Billingham Trading Ltd,4,173,Newport Promotions Ltd,5,331,Boyle Traders Ltd,3,390,Clayton Circuitry Ltd
Molly Snell,6,218,Pryor Memorabilia Ltd,1,139,Riverside Circuitry Ltd,2,875,Boyle Traders Ltd,4,889,Peabody Workwear Ltd,5,888,Pryor Memorabilia Ltd
Noah Dale,1,329,Boyle Traders Ltd,0,0,,1,643,Oakes Workshops Ltd,1,798,Newport Promotions Ltd,2,321,Peabody Workwear Ltd
Makenzie Bristow,1,687,Tilly Beverages Ltd,3,525,Harford Cameras Ltd,4,384,Boyle Traders Ltd,0,0,,4,414,Boyle Traders Ltd
Raquel Yang,4,149,Tilly Beverages Ltd,0,0,,0,0,,4,690,Clayton Circuitry Ltd,6,861,Pryor Memorabilia Ltd
Anais Riley,0,0,,6,830,Boyle Traders Ltd,1,623,Newport Promotions Ltd,2,785,Billingham Trading Ltd,3,669,Riverside Circuitry Ltd
Eduardo Morris,6,37,Peabody Workwear Ltd,4,976,Oakes Workshops Ltd,6,531,Boyle Traders Ltd,1,523,Pryor Memorabilia Ltd,5,325,Newport Promotions Ltd
Kurt Stewart,0,0,,1,874,Pryor Memorabilia Ltd,6,515,Tilly Beverages Ltd,3,731,Newport Promotions Ltd,0,0,
Fred Rodgers,5,68,Pryor Memorabilia Ltd,0,0,,3,432,Pryor Memorabilia Ltd,0,0,,1,751,Peabody Workwear Ltd
Mona Cavanagh,2,485,Billingham Trading Ltd,2,460,Riverside Circuitry Ltd,0,0,,4,300,Billingham Trading Ltd,4,207,Peabody Workwear Ltd
Karen Tutton,5,887,Clayton Circuitry Ltd,3,324,Billingham Trading Ltd,4,309,Oakes Workshops Ltd,5,306,Harford Cameras Ltd,6,774,Clayton Circuitry Ltd
Chuck Keys,6,766,Clayton Circuitry Ltd,1,204,Billingham Trading Ltd,0,0,,5,84,Peabody Workwear Ltd,0,0,
Nathan Vincent,3,170,Tilly Beverages Ltd,0,0,,5,125,Boyle Traders Ltd,3,433,Newport Promotions Ltd,6,891,Pryor Memorabilia Ltd
Sofie Ryan,6,299,Harford Cameras Ltd,0,0,,6,513,Billingham Trading Ltd,3,753,Clayton Circuitry Ltd,1,795,Newport Promotions Ltd
Elijah Powell,2,723,Peabody Workwear Ltd,4,506,Harford Cameras Ltd,0,0,,0,0,,3,234,Peabody Workwear Ltd
Eden Whitehouse,6,273,Pryor Memorabilia Ltd,1,277,Clayton Circuitry Ltd,6,135,Oakes Workshops Ltd,0,0,,2,575,Pryor Memorabilia Ltd
Paige Clayton,2,137,Boyle Traders Ltd,5,812,Oakes Workshops Ltd,1,784,Oakes Workshops Ltd,2,30,Harford Cameras Ltd,4,111,Peabody Workwear Ltd
Tyson Ralph,4,172,Oakes Workshops Ltd,5,481,Tilly Beverages Ltd,1,715,Boyle Traders Ltd,5,492,Peabody Workwear Ltd,2,426,Billingham Trading Ltd
Rae Cooper,3,664,Newport Promotions Ltd,3,406,Harford Cameras Ltd,5,15,Peabody Workwear Ltd,3,749,Oakes Workshops Ltd,3,745,Harford Cameras Ltd
Benny Flynn,1,177,Tilly Beverages Ltd,5,419,Harford Cameras Ltd,4,986,Billingham Trading Ltd,4,995,Oakes Workshops Ltd,2,341,Clayton Circuitry Ltd
Holly Rixon,3,375,Newport Promotions Ltd,0,0,,0,0,,4,410,Boyle Traders Ltd,1,66,Newport Promotions Ltd
Catherine Reynolds,2,816,Tilly Beverages Ltd,5,614,Harford Cameras Ltd,0,0,,6,957,Boyle Traders Ltd,4,149,Riverside Circuitry Ltd
Dalia Lucas,1,543,Harford Cameras Ltd,3,487,Harford Cameras Ltd,0,0,,6,572,Clayton Circuitry Ltd,0,0,
Deborah Dobson,0,0,,6,890,Riverside Circuitry Ltd,4,359,Clayton Circuitry Ltd,0,0,,2,408,Oakes Workshops Ltd
Greta Pond,1,572,Harford Cameras Ltd,6,908,Boyle Traders Ltd,5,592,Harford Cameras Ltd,4,393,Tilly Beverages Ltd,5,791,Clayton Circuitry Ltd
Grace Mason,0,0,,4,507,Clayton Circuitry Ltd,2,30,Riverside Circuitry Ltd,2,381,Clayton Circuitry Ltd,5,65,Oakes Workshops Ltd
Jacqueline Saunders,2,294,Newport Promotions Ltd,3,249,Oakes Workshops Ltd,1,860,Oakes Workshops Ltd,6,465,Oakes Workshops Ltd,6,41,Billingham Trading Ltd
Danny Wren,0,0,,3,215,Tilly Beverages Ltd,3,199,Billingham Trading Ltd,1,405,Harford Cameras Ltd,6,304,Boyle Traders Ltd
Mason Emerson,6,793,Harford Cameras Ltd,3,250,Boyle Traders Ltd,0,0,,3,132,Clayton Circuitry Ltd,4,492,Boyle Traders Ltd
Leroy Martin,6,660,Oakes Workshops Ltd,2,2,Riverside Circuitry Ltd,1,712,Clayton Circuitry Ltd,3,803,Harford Cameras Ltd,3,583,Pryor Memorabilia Ltd
Maxwell Samuel,1,197,Tilly Beverages Ltd,4,697,Billingham Trading Ltd,2,681,Tilly Beverages Ltd,0,0,,0,0,
Lucas Whittle,3,732,Newport Promotions Ltd,2,803,Tilly Beverages Ltd,4,789,Peabody Workwear Ltd,3,347,Tilly Beverages Ltd,2,927,Clayton Circuitry Ltd
Cadence Hopkins,6,883,Boyle Traders Ltd,2,144,Billingham Trading Ltd,0,0,,2,247,Peabody Workwear Ltd,6,479,Clayton Circuitry Ltd
Ruth Willson,4,24,Oakes Workshops Ltd,0,0,,4,468,Newport Promotions Ltd,1,66,Billingham Trading Ltd,6,290,Boyle Traders Ltd
Jayden Phillips,2,226,Newport Promotions Ltd,2,943,Oakes Workshops Ltd,1,90,Boyle Traders Ltd,2,285,Pryor Memorabilia Ltd,0,0,
Phoebe Reading,1,741,Riverside Circuitry Ltd,1,677,Pryor Memorabilia Ltd,0,0,,1,637,Billingham Trading Ltd,6,245,Oakes Workshops Ltd
Maxwell Hunter,0,0,,0,0,,1,359,Oakes Workshops Ltd,0,0,,3,615,Clayton Circuitry Ltd
Marina Pickard,1,513,Pryor Memorabilia Ltd,3,793,Harford Cameras Ltd,4,341,Newport Promotions Ltd,6,316,Riverside Circuitry Ltd,5,84,Harford Cameras Ltd
Henry Burge,4,483,Clayton Circuitry Ltd,0,0,,3,753,Tilly Beverages Ltd,2,400,Pryor Memorabilia Ltd,4,530,Tilly Beverages Ltd
Nicole Jobson,4,520,Pryor Memorabilia Ltd,5,604,Riverside Circuitry Ltd,0,0,,5,766,Newport Promotions Ltd,6,934,Pryor Memorabilia Ltd
Janelle Pierce,1,536,Oakes Workshops Ltd,4,805,Peabody Workwear Ltd,1,985,Harford Cameras Ltd,1,300,Newport Promotions Ltd,2,799,Newport Promotions Ltd
Sarah Tanner,6,347,Clayton Circuitry Ltd,1,188,Riverside Circuitry Ltd,4,960,Harford Cameras Ltd,3,255,Pryor Memorabilia Ltd,6,272,Riverside Circuitry Ltd
Martin Lloyd,3,504,Clayton Circuitry Ltd,5,477,Pryor Memorabilia Ltd,3,135,Oakes Workshops Ltd,4,828,Tilly Beverages Ltd,0,0,
Hannah Whittle,4,959,Clayton Circuitry Ltd,3,141,Billingham Trading Ltd,6,167,Clayton Circuitry Ltd,6,681,,4,346,Oakes Workshops Ltd
Melania Wilkinson,0,0,,2,273,Tilly Beverages Ltd,3,436,Newport Promotions Ltd,2,126,Boyle Traders Ltd,0,0,
Alexander Tate,3,854,Billingham Trading Ltd,2,342,Peabody Workwear Ltd,3,352,Harford Cameras Ltd,4,485,Billingham Trading Ltd,3,80,Newport Promotions Ltd
Janelle Page ,6,489,Peabody Workwear Ltd,6,900,Peabody Workwear Ltd,6,753,Tilly Beverages Ltd,5,319,Harford Cameras Ltd,6,95,Peabody Workwear Ltd
Nathan Verdon,5,844,Newport Promotions Ltd,4,669,Newport Promotions Ltd,1,565,Harford Cameras Ltd,1,652,Clayton Circuitry Ltd,6,809,Harford Cameras Ltd
Mavis Stevenson,1,140,Oakes Workshops Ltd,6,410,Pryor Memorabilia Ltd,3,904,Riverside Circuitry Ltd,0,0,,4,213,Boyle Traders Ltd
Danny Edwards,3,712,Oakes Workshops Ltd,0,0,,3,173,Clayton Circuitry Ltd,0,0,,0,0,
Evelynn Bingham,3,587,Oakes Workshops Ltd,0,0,,6,407,Peabody Workwear Ltd,0,0,,2,100,Boyle Traders Ltd
Marilyn Styles,0,0,,6,569,Tilly Beverages Ltd,4,79,Harford Cameras Ltd,5,831,Clayton Circuitry Ltd,4,55,Newport Promotions Ltd
Ciara Archer,6,313,Newport Promotions Ltd,1,209,Riverside Circuitry Ltd,2,133,Riverside Circuitry Ltd,6,234,Clayton Circuitry Ltd,3,547,Clayton Circuitry Ltd
Rocco Gonzales,2,952,Billingham Trading Ltd,2,721,Newport Promotions Ltd,0,0,,0,0,,3,166,Peabody Workwear Ltd
Denis Flett,4,236,Harford Cameras Ltd,1,771,Tilly Beverages Ltd,3,179,Billingham Trading Ltd,3,798,Clayton Circuitry Ltd,4,568,Billingham Trading Ltd
Anthony Horton,3,570,Billingham Trading Ltd,0,0,,2,39,Tilly Beverages Ltd,0,0,,4,925,Pryor Memorabilia Ltd
Trisha Crawley,5,934,Riverside Circuitry Ltd,2,832,Boyle Traders Ltd,3,927,Clayton Circuitry Ltd,0,0,,6,234,Harford Cameras Ltd
Ron Wooldridge,0,0,,3,604,Billingham Trading Ltd,0,0,,1,698,Riverside Circuitry Ltd,1,462,Pryor Memorabilia Ltd
Mason Parker,4,895,Newport Promotions Ltd,0,0,,4,317,Peabody Workwear Ltd,4,894,Newport Promotions Ltd,6,580,Boyle Traders Ltd
Benjamin Morgan,3,614,Newport Promotions Ltd,5,227,Boyle Traders Ltd,5,859,Oakes Workshops Ltd,2,163,Oakes Workshops Ltd,6,692,Clayton Circuitry Ltd
Nate Uddin,0,0,,2,901,Riverside Circuitry Ltd,5,293,Pryor Memorabilia Ltd,1,543,Newport Promotions Ltd,6,996,Billingham Trading Ltd
Eryn Brooks,2,475,Riverside Circuitry Ltd,4,336,Clayton Circuitry Ltd,3,555,Boyle Traders Ltd,4,373,Billingham Trading Ltd,0,0,
Sadie Healy,0,0,,1,803,Peabody Workwear Ltd,0,0,,5,643,Riverside Circuitry Ltd,2,967,Oakes Workshops Ltd
Lily Donnelly,6,767,Riverside Circuitry Ltd,3,62,Peabody Workwear Ltd,6,991,Peabody Workwear Ltd,1,634,Peabody Workwear Ltd,6,506,Boyle Traders Ltd
Brad Butler,1,305,Boyle Traders Ltd,6,252,Billingham Trading Ltd,2,228,Oakes Workshops Ltd,1,290,Newport Promotions Ltd,2,737,Billingham Trading Ltd
Henry Andersson,6,695,Harford Cameras Ltd,6,194,Newport Promotions Ltd,3,121,Peabody Workwear Ltd,2,598,Oakes Workshops Ltd,5,168,Riverside Circuitry Ltd
Hope Samuel,0,0,,0,0,,6,393,Boyle Traders Ltd,2,893,Billingham Trading Ltd,0,0,
Danny Barrett,2,583,Clayton Circuitry Ltd,4,90,Riverside Circuitry Ltd,0,0,,2,448,Harford Cameras Ltd,0,0,
Lucas Simpson,0,0,,3,99,Tilly Beverages Ltd,0,0,,1,514,Riverside Circuitry Ltd,1,297,Boyle Traders Ltd
Juliet Palmer,3,192,Pryor Memorabilia Ltd,4,331,Harford Cameras Ltd,6,602,Harford Cameras Ltd,0,0,,5,48,Billingham Trading Ltd
Tony Knight,3,579,Tilly Beverages Ltd,5,732,Riverside Circuitry Ltd,4,479,Oakes Workshops Ltd,0,0,,1,809,Billingham Trading Ltd
Karen Emerson,0,0,,4,342,Peabody Workwear Ltd,0,0,,5,398,Tilly Beverages Ltd,5,33,Boyle Traders Ltd
Hanna Ebbs,6,9,Oakes Workshops Ltd,2,382,Harford Cameras Ltd,3,823,Boyle Traders Ltd,0,0,,4,519,Billingham Trading Ltd
Kurt Knight,1,896,Pryor Memorabilia Ltd,4,869,Boyle Traders Ltd,3,49,Billingham Trading Ltd,6,434,Riverside Circuitry Ltd,1,976,Riverside Circuitry Ltd
Julius Coll,2,484,Harford Cameras Ltd,0,0,,1,888,Peabody Workwear Ltd,2,540,Harford Cameras Ltd,0,0,
Sebastian Goodman,4,285,Boyle Traders Ltd,3,695,Oakes Workshops Ltd,1,867,Billingham Trading Ltd,6,433,Peabody Workwear Ltd,3,914,Pryor Memorabilia Ltd
Alan Stanton,2,787,Oakes Workshops Ltd,3,243,Peabody Workwear Ltd,4,150,Newport Promotions Ltd,6,14,Boyle Traders Ltd,0,0,
Jayden Dickson,6,662,Tilly Beverages Ltd,3,314,Boyle Traders Ltd,6,326,,3,538,Newport Promotions Ltd,2,823,Harford Cameras Ltd
Sebastian Wood,4,658,Harford Cameras Ltd,5,747,Clayton Circuitry Ltd,6,833,Riverside Circuitry Ltd,5,186,Clayton Circuitry Ltd,2,701,Oakes Workshops Ltd
Tony Howard,5,705,Peabody Workwear Ltd,1,833,Peabody Workwear Ltd,6,663,Pryor Memorabilia Ltd,4,245,Tilly Beverages Ltd,6,187,Newport Promotions Ltd
Fred Cadman,0,0,,0,0,,6,196,Billingham Trading Ltd,2,83,Riverside Circuitry Ltd,3,943,Billingham Trading Ltd
Victoria Jeffery,0,0,,2,53,Boyle Traders Ltd,0,0,,2,269,Harford Cameras Ltd,3,526,Peabody Workwear Ltd
Tony Wheeler,0,0,,5,174,Clayton Circuitry Ltd,6,845,Pryor Memorabilia Ltd,6,544,Boyle Traders Ltd,1,435,Riverside Circuitry Ltd
Martin Rycroft,0,0,,4,416,Pryor Memorabilia Ltd,1,744,Harford Cameras Ltd,5,722,Clayton Circuitry Ltd,0,0,
Owen Lewin,3,538,Billingham Trading Ltd,0,0,,6,513,Clayton Circuitry Ltd,4,929,Pryor Memorabilia Ltd,4,844,Oakes Workshops Ltd
Marvin Utterson,1,965,Newport Promotions Ltd,1,70,Newport Promotions Ltd,1,341,Oakes Workshops Ltd,5,996,Harford Cameras Ltd,0,0,
Chadwick Ralph,6,777,Oakes Workshops Ltd,3,96,Clayton Circuitry Ltd,3,442,Oakes Workshops Ltd,5,435,Newport Promotions Ltd,4,972,Tilly Beverages Ltd
Alba James,4,43,Oakes Workshops Ltd,0,0,,4,849,Clayton Circuitry Ltd,0,0,,0,0,
Manuel Thatcher,4,965,Harford Cameras Ltd,5,206,Pryor Memorabilia Ltd,4,960,Tilly Beverages Ltd,0,0,,6,91,Clayton Circuitry Ltd
Willow Wilde,1,473,Oakes Workshops Ltd,6,192,Oakes Workshops Ltd,6,592,Riverside Circuitry Ltd,3,737,Riverside Circuitry Ltd,6,476,Boyle Traders Ltd
William Saunders,4,576,Tilly Beverages Ltd,2,319,Harford Cameras Ltd,0,0,,0,0,,3,603,Billingham Trading Ltd
Paula Webster,0,0,,1,44,Clayton Circuitry Ltd,5,673,Oakes Workshops Ltd,6,691,Harford Cameras Ltd,6,201,Oakes Workshops Ltd
Cedrick Graves,6,586,Harford Cameras Ltd,3,874,Newport Promotions Ltd,3,804,Billingham Trading Ltd,6,753,Riverside Circuitry Ltd,0,0,
Cedrick Farrow,2,73,Clayton Circuitry Ltd,1,354,Peabody Workwear Ltd,6,207,Boyle Traders Ltd,6,419,Clayton Circuitry Ltd,6,273,Oakes Workshops Ltd
Bart Neal,0,0,,1,380,Boyle Traders Ltd,6,76,Harford Cameras Ltd,1,142,Riverside Circuitry Ltd,4,635,Pryor Memorabilia Ltd
Matt Collins,0,0,,3,349,Pryor Memorabilia Ltd,0,0,,0,0,,0,0,
Lana Campbell,6,959,Riverside Circuitry Ltd,4,114,Billingham Trading Ltd,1,995,Boyle Traders Ltd,0,0,,0,0,
Scarlett Whitmore,2,698,Riverside Circuitry Ltd,2,943,Oakes Workshops Ltd,1,930,Harford Cameras Ltd,0,0,,3,512,Oakes Workshops Ltd
Ron Griffiths,0,0,,1,694,Riverside Circuitry Ltd,1,547,Clayton Circuitry Ltd,1,468,Clayton Circuitry Ltd,4,684,Oakes Workshops Ltd
Tania Russell,0,0,,4,264,Clayton Circuitry Ltd,4,66,Billingham Trading Ltd,0,0,,2,457,Clayton Circuitry Ltd
Daron Randall,6,320,Boyle Traders Ltd,0,0,,5,755,Riverside Circuitry Ltd,3,729,Pryor Memorabilia Ltd,1,596,Newport Promotions Ltd
Kimberly Rossi,5,221,Pryor Memorabilia Ltd,2,238,Tilly Beverages Ltd,2,205,Peabody Workwear Ltd,0,0,,0,0,
Keira Salt,6,811,,3,364,Billingham Trading Ltd,2,78,Billingham Trading Ltd,5,529,Riverside Circuitry Ltd,0,0,
Jack Reynolds,2,936,Newport Promotions Ltd,6,375,Pryor Memorabilia Ltd,1,899,Newport Promotions Ltd,0,0,,3,769,Pryor Memorabilia Ltd
Tyler Stuart,6,906,Riverside Circuitry Ltd,4,130,Billingham Trading Ltd,5,767,Peabody Workwear Ltd,0,0,,0,0,
Amelia Hastings,1,34,Pryor Memorabilia Ltd,4,742,Boyle Traders Ltd,0,0,,2,619,Oakes Workshops Ltd,2,510,Clayton Circuitry Ltd
Julius Thomson,6,439,Riverside Circuitry Ltd,1,799,Boyle Traders Ltd,5,820,Pryor Memorabilia Ltd,2,948,Pryor Memorabilia Ltd,3,837,Pryor Memorabilia Ltd
Ronald Reynolds,0,0,,4,835,Pryor Memorabilia Ltd,5,772,Boyle Traders Ltd,5,296,Harford Cameras Ltd,6,435,Clayton Circuitry Ltd
Wade Griffiths,1,690,Pryor Memorabilia Ltd,5,789,Clayton Circuitry Ltd,6,32,Harford Cameras Ltd,6,298,Tilly Beverages Ltd,4,91,Billingham Trading Ltd
Julius Miller,3,773,Harford Cameras Ltd,4,365,Newport Promotions Ltd,2,676,Tilly Beverages Ltd,0,0,,3,481,Tilly Beverages Ltd
Jackeline Robertson,0,0,,0,0,,2,175,Clayton Circuitry Ltd,6,299,Riverside Circuitry Ltd,4,11,Pryor Memorabilia Ltd
Tyson Mason,2,738,Riverside Circuitry Ltd,2,877,Peabody Workwear Ltd,0,0,,6,808,Tilly Beverages Ltd,4,394,Newport Promotions Ltd
Sarah Butler,2,361,Billingham Trading Ltd,6,672,Newport Promotions Ltd,3,697,Pryor Memorabilia Ltd,3,169,Newport Promotions Ltd,6,537,Pryor Memorabilia Ltd
Jack Wills,3,845,Riverside Circuitry Ltd,3,170,Billingham Trading Ltd,5,892,Peabody Workwear Ltd,2,385,Pryor Memorabilia Ltd,5,940,Pryor Memorabilia Ltd
Iris Noach,5,866,Pryor Memorabilia Ltd,0,0,,0,0,,0,0,,0,0,
Melanie Palmer,6,512,Billingham Trading Ltd,0,0,,5,905,Newport Promotions Ltd,0,0,,1,871,Newport Promotions Ltd
Joseph Jordan,1,945,Riverside Circuitry Ltd,2,580,Oakes Workshops Ltd,1,124,Harford Cameras Ltd,3,544,Harford Cameras Ltd,1,572,Harford Cameras Ltd
Thea Haines,5,727,Clayton Circuitry Ltd,1,90,Riverside Circuitry Ltd,0,0,,1,908,Harford Cameras Ltd,0,0,
Ruth Dyson,3,375,Clayton Circuitry Ltd,0,0,,0,0,,0,0,,4,346,Pryor Memorabilia Ltd
Tony Matthews,6,659,Billingham Trading Ltd,0,0,,3,132,Clayton Circuitry Ltd,4,21,Pryor Memorabilia Ltd,4,895,Harford Cameras Ltd
Ramon Needham,2,415,Boyle Traders Ltd,0,0,,1,679,Billingham Trading Ltd,6,69,Boyle Traders Ltd,5,578,Billingham Trading Ltd
Cherish Cameron,1,730,Newport Promotions Ltd,0,0,,3,953,Harford Cameras Ltd,2,615,Boyle Traders Ltd,2,242,Pryor Memorabilia Ltd
Tony Chapman,5,517,Pryor Memorabilia Ltd,3,290,Tilly Beverages Ltd,4,784,Newport Promotions Ltd,6,38,Oakes Workshops Ltd,3,989,Peabody Workwear Ltd
Audrey Dickson,0,0,,1,908,Harford Cameras Ltd,0,0,,0,0,,0,0,
Ronald Reynolds,6,690,Clayton Circuitry Ltd,0,0,,2,939,Clayton Circuitry Ltd,0,0,,2,150,Boyle Traders Ltd
Mina Milner,0,0,,3,539,Harford Cameras Ltd,0,0,,3,515,Pryor Memorabilia Ltd,3,705,Newport Promotions Ltd
Olivia Ranks,2,790,Riverside Circuitry Ltd,6,675,Oakes Workshops Ltd,5,640,Pryor Memorabilia Ltd,0,0,,3,371,Tilly Beverages Ltd
Rufus Brooks,0,0,,3,156,Pryor Memorabilia Ltd,2,180,Clayton Circuitry Ltd,5,979,Oakes Workshops Ltd,4,649,Billingham Trading Ltd
Harvey Vincent,0,0,,1,205,Oakes Workshops Ltd,3,954,Newport Promotions Ltd,2,666,Oakes Workshops Ltd,5,366,Billingham Trading Ltd
Vicky Harvey,5,772,Harford Cameras Ltd,2,150,Pryor Memorabilia Ltd,2,753,Oakes Workshops Ltd,2,6,Clayton Circuitry Ltd,5,485,Oakes Workshops Ltd
Maxwell Mullins,2,139,Billingham Trading Ltd,2,627,Riverside Circuitry Ltd,4,994,Billingham Trading Ltd,0,0,,0,0,
Josh Weatcroft,5,738,Harford Cameras Ltd,0,0,,6,871,Oakes Workshops Ltd,2,823,Newport Promotions Ltd,2,316,Newport Promotions Ltd
Valerie Neville,3,981,Peabody Workwear Ltd,1,760,Boyle Traders Ltd,3,283,Oakes Workshops Ltd,0,0,,0,0,
David Bayliss,6,902,Riverside Circuitry Ltd,6,298,Newport Promotions Ltd,1,616,Newport Promotions Ltd,5,735,Pryor Memorabilia Ltd,4,670,Peabody Workwear Ltd
Havana Palmer,0,0,,1,856,Clayton Circuitry Ltd,4,977,Peabody Workwear Ltd,1,873,Clayton Circuitry Ltd,1,280,Riverside Circuitry Ltd
Amy Parker,5,199,Clayton Circuitry Ltd,5,756,Riverside Circuitry Ltd,6,930,Pryor Memorabilia Ltd,2,848,Oakes Workshops Ltd,2,373,Pryor Memorabilia Ltd
Florence Martin,1,952,Boyle Traders Ltd,4,552,Peabody Workwear Ltd,1,732,Riverside Circuitry Ltd,0,0,,3,76,Peabody Workwear Ltd
Wade Overson,2,580,Harford Cameras Ltd,3,132,Harford Cameras Ltd,3,681,Riverside Circuitry Ltd,3,52,Clayton Circuitry Ltd,0,0,
Sofie Griffiths,1,842,Newport Promotions Ltd,0,0,,3,280,Clayton Circuitry Ltd,2,934,Boyle Traders Ltd,2,650,Boyle Traders Ltd
Teagan Henderson,4,579,Oakes Workshops Ltd,3,330,Newport Promotions Ltd,2,5,Boyle Traders Ltd,0,0,,5,883,Clayton Circuitry Ltd
Anthony Parr,1,231,Boyle Traders Ltd,2,573,Boyle Traders Ltd,5,727,Boyle Traders Ltd,6,972,Peabody Workwear Ltd,0,0,
Harry Blackburn,4,378,Harford Cameras Ltd,3,260,Newport Promotions Ltd,5,69,Peabody Workwear Ltd,0,0,,4,774,Tilly Beverages Ltd
Joyce Harrington,0,0,,2,739,Clayton Circuitry Ltd,1,625,Clayton Circuitry Ltd,2,846,Oakes Workshops Ltd,0,0,
Denis Lowe,5,825,Harford Cameras Ltd,4,674,Billingham Trading Ltd,4,998,Pryor Memorabilia Ltd,6,17,Clayton Circuitry Ltd,5,90,Peabody Workwear Ltd
Hanna Cadman,1,118,Harford Cameras Ltd,1,236,Tilly Beverages Ltd,5,316,Harford Cameras Ltd,1,32,Billingham Trading Ltd,5,739,Newport Promotions Ltd
Carl Price,0,0,,3,593,Newport Promotions Ltd,4,516,Riverside Circuitry Ltd,6,113,Oakes Workshops Ltd,2,410,Harford Cameras Ltd
Tyler Watson,6,101,Clayton Circuitry Ltd,1,324,Oakes Workshops Ltd,5,575,Clayton Circuitry Ltd,0,0,,4,157,Harford Cameras Ltd
Penny Andersson,1,411,Harford Cameras Ltd,5,975,Harford Cameras Ltd,4,45,Boyle Traders Ltd,2,573,Clayton Circuitry Ltd,1,331,Clayton Circuitry Ltd
Angelique Morrison,0,0,,3,733,Clayton Circuitry Ltd,3,338,Oakes Workshops Ltd,2,211,Clayton Circuitry Ltd,3,711,Tilly Beverages Ltd
Josephine Dixon,2,438,Clayton Circuitry Ltd,3,455,Peabody Workwear Ltd,0,0,,0,0,,0,0,
Harry Mason,0,0,,6,203,Boyle Traders Ltd,5,728,Riverside Circuitry Ltd,6,953,Pryor Memorabilia Ltd,4,389,Oakes Workshops Ltd
Eve Murphy,0,0,,5,903,Pryor Memorabilia Ltd,5,835,Tilly Beverages Ltd,2,371,Oakes Workshops Ltd,5,545,Harford Cameras Ltd
Valentina Waterhouse,5,515,Harford Cameras Ltd,1,646,Pryor Memorabilia Ltd,1,862,Boyle Traders Ltd,1,473,Pryor Memorabilia Ltd,1,833,Newport Promotions Ltd
Matt Ebbs,0,0,,4,829,Boyle Traders Ltd,2,226,Oakes Workshops Ltd,0,0,,4,132,Newport Promotions Ltd
Phillip Rogers,2,785,Peabody Workwear Ltd,2,187,Riverside Circuitry Ltd,5,183,Billingham Trading Ltd,5,870,Billingham Trading Ltd,2,397,Clayton Circuitry Ltd
Maggie Sinclair,3,327,Newport Promotions Ltd,5,950,Harford Cameras Ltd,2,613,Riverside Circuitry Ltd,2,637,Riverside Circuitry Ltd,2,795,Newport Promotions Ltd
Destiny Benson,0,0,,2,891,Clayton Circuitry Ltd,2,759,Pryor Memorabilia Ltd,3,238,Riverside Circuitry Ltd,5,988,Pryor Memorabilia Ltd
Janice Garner,0,0,,0,0,,2,703,Riverside Circuitry Ltd,0,0,,0,0,
Boris Cowan,3,71,Billingham Trading Ltd,0,0,,0,0,,5,927,Billingham Trading Ltd,6,757,Clayton Circuitry Ltd
Tony Simpson,5,423,Clayton Circuitry Ltd,4,351,Oakes Workshops Ltd,0,0,,2,485,Peabody Workwear Ltd,6,660,Oakes Workshops Ltd
Abbey Taylor,6,423,Newport Promotions Ltd,5,800,Billingham Trading Ltd,4,815,Tilly Beverages Ltd,0,0,,0,0,
Susan Crawley,0,0,,1,214,Oakes Workshops Ltd,6,287,Peabody Workwear Ltd,5,998,Pryor Memorabilia Ltd,0,0,
Harvey Mann,6,453,Boyle Traders Ltd,2,511,Peabody Workwear Ltd,3,560,Oakes Workshops Ltd,2,136,Clayton Circuitry Ltd,4,245,Tilly Beverages Ltd
Fiona Wren,3,264,Clayton Circuitry Ltd,6,448,Oakes Workshops Ltd,0,0,,5,672,Harford Cameras Ltd,0,0,
Owen Quinnell,5,613,Harford Cameras Ltd,3,467,Harford Cameras Ltd,0,0,,6,607,Boyle Traders Ltd,4,33,Newport Promotions Ltd
Robyn Stevens,0,0,,5,743,Billingham Trading Ltd,5,591,Harford Cameras Ltd,5,779,Newport Promotions Ltd,1,839,Peabody Workwear Ltd
Martin Pierce,0,0,,0,0,,1,524,Riverside Circuitry Ltd,0,0,,5,578,Newport Promotions Ltd
Chuck Vernon,5,678,Harford Cameras Ltd,1,387,Tilly Beverages Ltd,2,159,Pryor Memorabilia Ltd,1,604,Newport Promotions Ltd,4,157,Billingham Trading Ltd
Keira Stevenson,0,0,,5,397,Newport Promotions Ltd,6,254,Billingham Trading Ltd,4,748,Pryor Memorabilia Ltd,1,20,Pryor Memorabilia Ltd
Doris Mcguire,0,0,,4,888,Harford Cameras Ltd,3,550,Harford Cameras Ltd,3,869,Newport Promotions Ltd,1,130,Riverside Circuitry Ltd
Dakota Morris,2,868,Oakes Workshops Ltd,1,848,Tilly Beverages Ltd,0,0,,3,440,Oakes Workshops Ltd,4,937,Newport Promotions Ltd
Julius Thatcher,0,0,,3,978,Pryor Memorabilia Ltd,2,914,Newport Promotions Ltd,3,891,Boyle Traders Ltd,1,909,Clayton Circuitry Ltd
Shannon Mitchell,4,388,Newport Promotions Ltd,1,724,Harford Cameras Ltd,1,841,Peabody Workwear Ltd,0,0,,3,357,Oakes Workshops Ltd
Ivette Reynolds,5,893,Harford Cameras Ltd,5,192,,1,242,Clayton Circuitry Ltd,3,353,Billingham Trading Ltd,5,102,Oakes Workshops Ltd
Denny Denton,1,97,Boyle Traders Ltd,3,940,Riverside Circuitry Ltd,1,972,Riverside Circuitry Ltd,3,405,Oakes Workshops Ltd,3,635,Riverside Circuitry Ltd
Cherish Lane,1,255,Pryor Memorabilia Ltd,2,220,Peabody Workwear Ltd,6,201,Riverside Circuitry Ltd,1,538,Boyle Traders Ltd,2,81,Billingham Trading Ltd
Olivia Stevens,5,78,Oakes Workshops Ltd,0,0,,1,831,Newport Promotions Ltd,0,0,,2,113,Newport Promotions Ltd
Julius Payne,5,551,Pryor Memorabilia Ltd,3,703,Harford Cameras Ltd,4,754,Clayton Circuitry Ltd,2,153,Oakes Workshops Ltd,2,334,Tilly Beverages Ltd
Violet Harrison,5,898,Billingham Trading Ltd,6,19,Peabody Workwear Ltd,0,0,,5,805,Tilly Beverages Ltd,4,865,Oakes Workshops Ltd
Martin Newton,1,200,Billingham Trading Ltd,2,884,Harford Cameras Ltd,6,954,Newport Promotions Ltd,6,395,Newport Promotions Ltd,3,167,Clayton Circuitry Ltd
Scarlett Matthews,2,268,Tilly Beverages Ltd,6,303,Clayton Circuitry Ltd,0,0,,4,3,Riverside Circuitry Ltd,5,135,Boyle Traders Ltd
Daniel Giles,4,906,Peabody Workwear Ltd,6,961,Oakes Workshops Ltd,0,0,,0,0,,1,674,Clayton Circuitry Ltd
Doug Downing,0,0,,5,30,Newport Promotions Ltd,4,222,Pryor Memorabilia Ltd,2,189,Oakes Workshops Ltd,1,272,Clayton Circuitry Ltd
Sage Cameron,6,441,Boyle Traders Ltd,6,964,Riverside Circuitry Ltd,2,524,Boyle Traders Ltd,3,460,Peabody Workwear Ltd,1,804,Tilly Beverages Ltd
Joseph Clifford,1,275,Riverside Circuitry Ltd,6,310,Newport Promotions Ltd,1,674,Harford Cameras Ltd,2,701,Billingham Trading Ltd,2,854,Pryor Memorabilia Ltd
Alexander Reid,5,729,Pryor Memorabilia Ltd,4,476,Oakes Workshops Ltd,2,880,Oakes Workshops Ltd,4,961,Riverside Circuitry Ltd,5,22,Riverside Circuitry Ltd
Remy Woods,6,935,Billingham Trading Ltd,6,322,Tilly Beverages Ltd,5,989,Tilly Beverages Ltd,3,191,Tilly Beverages Ltd,5,428,Boyle Traders Ltd
Cassidy Thompson,4,832,Peabody Workwear Ltd,1,981,Tilly Beverages Ltd,6,816,Oakes Workshops Ltd,2,272,Newport Promotions Ltd,0,0,
Tiffany Wren,1,861,Newport Promotions Ltd,2,789,Boyle Traders Ltd,6,346,Newport Promotions Ltd,4,849,Harford Cameras Ltd,1,200,Riverside Circuitry Ltd
Harvey Calderwood,5,639,Peabody Workwear Ltd,0,0,,4,642,Oakes Workshops Ltd,2,773,Peabody Workwear Ltd,3,444,Clayton Circuitry Ltd
Leah Yarwood,1,557,Clayton Circuitry Ltd,5,887,Harford Cameras Ltd,5,926,Riverside Circuitry Ltd,4,857,Harford Cameras Ltd,4,456,Oakes Workshops Ltd
Jaylene Lane,3,910,Oakes Workshops Ltd,4,757,Newport Promotions Ltd,3,824,Peabody Workwear Ltd,0,0,,3,543,Clayton Circuitry Ltd
Emerald Carter,0,0,,0,0,,2,256,Newport Promotions Ltd,4,690,Billingham Trading Ltd,5,695,Oakes Workshops Ltd
Belinda Cunningham,0,0,,1,911,Riverside Circuitry Ltd,5,538,Tilly Beverages Ltd,3,185,Clayton Circuitry Ltd,0,0,
Aisha Walker,3,96,Harford Cameras Ltd,0,0,,6,466,Harford Cameras Ltd,0,0,,1,403,Clayton Circuitry Ltd
Alison Wooldridge,0,0,,4,332,Clayton Circuitry Ltd,2,864,Newport Promotions Ltd,4,514,Newport Promotions Ltd,0,0,
Michael Hastings,0,0,,2,372,Pryor Memorabilia Ltd,1,671,Clayton Circuitry Ltd,4,431,Harford Cameras Ltd,1,783,Harford Cameras Ltd
Jade Rowe,6,320,Newport Promotions Ltd,4,584,Oakes Workshops Ltd,0,0,,2,296,Billingham Trading Ltd,2,257,Boyle Traders Ltd
Ada Murray,0,0,,6,247,Boyle Traders Ltd,5,814,Clayton Circuitry Ltd,3,546,Oakes Workshops Ltd,6,606,Riverside Circuitry Ltd
Nick Swan,0,0,,1,726,Peabody Workwear Ltd,1,521,Pryor Memorabilia Ltd,0,0,,4,649,Tilly Beverages Ltd
Chanelle Rainford,5,133,Pryor Memorabilia Ltd,4,866,Pryor Memorabilia Ltd,0,0,,3,562,Boyle Traders Ltd,6,50,Peabody Workwear Ltd
Kaylee Mcgee,4,661,Riverside Circuitry Ltd,2,894,Oakes Workshops Ltd,2,493,Clayton Circuitry Ltd,4,938,Billingham Trading Ltd,4,327,Clayton Circuitry Ltd
Janice Hobbs,0,0,,5,234,Peabody Workwear Ltd,2,322,Billingham Trading Ltd,1,481,Clayton Circuitry Ltd,0,0,
Francesca Nicolas,1,577,Clayton Circuitry Ltd,2,439,Tilly Beverages Ltd,4,930,Clayton Circuitry Ltd,1,736,Pryor Memorabilia Ltd,0,0,
Michael Wilkinson,3,171,Clayton Circuitry Ltd,4,74,Newport Promotions Ltd,5,398,Clayton Circuitry Ltd,5,204,Pryor Memorabilia Ltd,3,429,Riverside Circuitry Ltd
Karen Mason,0,0,,3,460,Oakes Workshops Ltd,4,365,Peabody Workwear Ltd,5,797,Billingham Trading Ltd,6,691,
Lexi Abbey,4,377,Billingham Trading Ltd,5,278,Tilly Beverages Ltd,6,119,Boyle Traders Ltd,6,959,Harford Cameras Ltd,2,681,Newport Promotions Ltd
Percy Vinton,3,118,Riverside Circuitry Ltd,0,0,,0,0,,2,526,Newport Promotions Ltd,6,869,Boyle Traders Ltd
Aurelia Ianson,6,85,Oakes Workshops Ltd,0,0,,4,732,Pryor Memorabilia Ltd,3,537,Tilly Beverages Ltd,0,0,
Samantha Parker,3,491,Riverside Circuitry Ltd,3,446,Harford Cameras Ltd,0,0,,0,0,,0,0,
Bryon Rothwell,4,860,Riverside Circuitry Ltd,2,688,Harford Cameras Ltd,3,963,Newport Promotions Ltd,1,432,Boyle Traders Ltd,3,127,Billingham Trading Ltd
Lorraine Campbell,5,498,Clayton Circuitry Ltd,1,295,Clayton Circuitry Ltd,0,0,,6,577,Newport Promotions Ltd,5,314,Pryor Memorabilia Ltd
Logan Neville,6,188,Oakes Workshops Ltd,3,859,Boyle Traders Ltd,3,485,Newport Promotions Ltd,2,561,Pryor Memorabilia Ltd,0,0,
Chad Warden,2,611,Clayton Circuitry Ltd,2,634,Peabody Workwear Ltd,6,232,Clayton Circuitry Ltd,5,120,Newport Promotions Ltd,6,330,Pryor Memorabilia Ltd
Thea Seymour,5,511,Pryor Memorabilia Ltd,0,0,,0,0,,4,196,Pryor Memorabilia Ltd,0,0,
Tania Martin,2,374,Pryor Memorabilia Ltd,4,699,Pryor Memorabilia Ltd,6,687,Pryor Memorabilia Ltd,0,0,,4,453,Riverside Circuitry Ltd
Oliver Richards,2,210,Oakes Workshops Ltd,2,111,Riverside Circuitry Ltd,4,344,Boyle Traders Ltd,4,469,Clayton Circuitry Ltd,3,337,Harford Cameras Ltd
Daron Ventura,5,263,Pryor Memorabilia Ltd,0,0,,5,471,Boyle Traders Ltd,4,78,Peabody Workwear Ltd,6,161,Pryor Memorabilia Ltd
Janice Morgan,4,168,Riverside Circuitry Ltd,6,276,Newport Promotions Ltd,6,562,Riverside Circuitry Ltd,1,795,Tilly Beverages Ltd,0,0,
Noemi Dillon,5,660,Oakes Workshops Ltd,5,848,Boyle Traders Ltd,2,530,Pryor Memorabilia Ltd,4,55,Pryor Memorabilia Ltd,1,845,Boyle Traders Ltd
Johnathan Mason,5,517,Pryor Memorabilia Ltd,6,263,Oakes Workshops Ltd,2,756,Newport Promotions Ltd,3,247,Pryor Memorabilia Ltd,0,0,
Peter Rivers,0,0,,6,651,Tilly Beverages Ltd,6,918,Tilly Beverages Ltd,3,805,Boyle Traders Ltd,2,587,Pryor Memorabilia Ltd
Deborah Seymour,2,266,Oakes Workshops Ltd,6,943,Newport Promotions Ltd,4,532,Tilly Beverages Ltd,0,0,,1,287,Clayton Circuitry Ltd
Hank Phillips,5,622,Boyle Traders Ltd,0,0,,6,256,Harford Cameras Ltd,2,380,Riverside Circuitry Ltd,6,483,Newport Promotions Ltd
Quinn Gallacher,1,999,Peabody Workwear Ltd,5,188,Harford Cameras Ltd,2,761,Billingham Trading Ltd,2,668,Pryor Memorabilia Ltd,3,614,Riverside Circuitry Ltd
Benjamin Lyon,4,794,Boyle Traders Ltd,3,382,Tilly Beverages Ltd,2,995,Riverside Circuitry Ltd,5,102,Harford Cameras Ltd,3,787,Newport Promotions Ltd
Felicity Knight,2,383,Clayton Circuitry Ltd,5,334,Pryor Memorabilia Ltd,3,274,Billingham Trading Ltd,2,337,Newport Promotions Ltd,3,670,Tilly Beverages Ltd
Margot Farrow,2,568,Pryor Memorabilia Ltd,6,404,Riverside Circuitry Ltd,0,0,,2,36,Boyle Traders Ltd,0,0,
Rosalee Shelton,6,615,Tilly Beverages Ltd,0,0,,6,101,Harford Cameras Ltd,3,298,Pryor Memorabilia Ltd,4,21,Clayton Circuitry Ltd
Molly Coleman,6,337,Billingham Trading Ltd,0,0,,6,634,Clayton Circuitry Ltd,5,330,Tilly Beverages Ltd,0,0,
Ethan Collis,6,921,Oakes Workshops Ltd,2,424,Clayton Circuitry Ltd,4,927,Peabody Workwear Ltd,6,100,Tilly Beverages Ltd,0,0,
Felicity Alexander,0,0,,5,588,Billingham Trading Ltd,2,104,Pryor Memorabilia Ltd,3,949,Oakes Workshops Ltd,3,217,Billingham Trading Ltd
Deborah Rogers,0,0,,0,0,,0,0,,2,499,Peabody Workwear Ltd,0,0,
Natalie Russel,5,269,Peabody Workwear Ltd,2,226,Clayton Circuitry Ltd,0,0,,6,947,Peabody Workwear Ltd,0,0,
Henry Lynn,1,288,Harford Cameras Ltd,0,0,,5,728,Peabody Workwear Ltd,5,611,Tilly Beverages Ltd,4,293,Clayton Circuitry Ltd
Russel Yarlett,3,462,Peabody Workwear Ltd,0,0,,2,193,Newport Promotions Ltd,3,95,Billingham Trading Ltd,3,829,Boyle Traders Ltd
Daniel Wright,3,72,Tilly Beverages Ltd,2,776,Newport Promotions Ltd,6,779,Peabody Workwear Ltd,2,40,Pryor Memorabilia Ltd,6,665,Newport Promotions Ltd
Matthew Giles,1,277,Billingham Trading Ltd,6,534,Riverside Circuitry Ltd,2,956,Harford Cameras Ltd,6,835,Clayton Circuitry Ltd,2,546,Billingham Trading Ltd
Carter Evans,1,570,Boyle Traders Ltd,4,343,Riverside Circuitry Ltd,5,130,Billingham Trading Ltd,4,961,Tilly Beverages Ltd,5,656,Oakes Workshops Ltd
Jackeline Emerson,4,172,Pryor Memorabilia Ltd,4,108,Clayton Circuitry Ltd,2,807,Oakes Workshops Ltd,6,891,Clayton Circuitry Ltd,0,0,
Chanelle Lewin,0,0,,5,684,Peabody Workwear Ltd,0,0,,2,341,Oakes Workshops Ltd,2,738,Newport Promotions Ltd
Jayden Baker,0,0,,3,450,Oakes Workshops Ltd,3,963,Boyle Traders Ltd,0,0,,6,673,Boyle Traders Ltd
Gina Shields,0,0,,1,144,Pryor Memorabilia Ltd,3,24,Peabody Workwear Ltd,4,784,Oakes Workshops Ltd,5,758,Clayton Circuitry Ltd
Caydence Robinson,1,119,Newport Promotions Ltd,4,895,Riverside Circuitry Ltd,0,0,,4,744,Oakes Workshops Ltd,1,531,Harford Cameras Ltd
Leilani Newman,4,865,Clayton Circuitry Ltd,0,0,,5,723,Pryor Memorabilia Ltd,0,0,,4,477,Pryor Memorabilia Ltd
Rae Hastings,6,132,Harford Cameras Ltd,4,179,Harford Cameras Ltd,2,850,Tilly Beverages Ltd,0,0,,1,860,Newport Promotions Ltd
Hope Ryan,0,0,,2,741,Newport Promotions Ltd,3,344,Billingham Trading Ltd,4,612,Tilly Beverages Ltd,2,391,Boyle Traders Ltd
Ilona Connell,0,0,,2,666,Newport Promotions Ltd,1,35,Billingham Trading Ltd,0,0,,1,559,Boyle Traders Ltd
Barney Shields,4,588,Peabody Workwear Ltd,0,0,,0,0,,4,129,Oakes Workshops Ltd,2,308,Newport Promotions Ltd
Destiny Camden,4,220,Riverside Circuitry Ltd,4,787,Pryor Memorabilia Ltd,0,0,,6,829,Peabody Workwear Ltd,5,475,Harford Cameras Ltd
Ron Silva,2,743,Oakes Workshops Ltd,1,337,Peabody Workwear Ltd,2,173,Clayton Circuitry Ltd,1,618,Boyle Traders Ltd,2,212,Riverside Circuitry Ltd
Liv Ogilvy,4,751,Pryor Memorabilia Ltd,1,569,Boyle Traders Ltd,1,313,Pryor Memorabilia Ltd,2,873,Pryor Memorabilia Ltd,5,379,Clayton Circuitry Ltd
Crystal Neville,3,500,Harford Cameras Ltd,1,729,Tilly Beverages Ltd,0,0,,2,503,Newport Promotions Ltd,4,757,Peabody Workwear Ltd
William Villiger,4,166,Pryor Memorabilia Ltd,4,713,Harford Cameras Ltd,4,308,Peabody Workwear Ltd,2,527,Tilly Beverages Ltd,0,0,
Jacob Ebden,2,794,Harford Cameras Ltd,2,678,Newport Promotions Ltd,1,756,Harford Cameras Ltd,3,152,Clayton Circuitry Ltd,6,895,Peabody Workwear Ltd
Alexander Spencer,2,434,Clayton Circuitry Ltd,1,244,Peabody Workwear Ltd,0,0,,2,241,Oakes Workshops Ltd,5,952,Boyle Traders Ltd
Taylor Vince,6,400,Pryor Memorabilia Ltd,1,844,Oakes Workshops Ltd,6,261,Peabody Workwear Ltd,3,365,Boyle Traders Ltd,4,568,Boyle Traders Ltd
Bryce Clarkson,3,177,Peabody Workwear Ltd,6,301,Oakes Workshops Ltd,2,181,Riverside Circuitry Ltd,6,166,Harford Cameras Ltd,4,706,Harford Cameras Ltd
Gina Watson,0,0,,2,844,Clayton Circuitry Ltd,1,76,Harford Cameras Ltd,5,522,Billingham Trading Ltd,3,762,Tilly Beverages Ltd
Martin Poulton,2,727,Clayton Circuitry Ltd,4,33,Billingham Trading Ltd,6,778,Billingham Trading Ltd,6,667,Pryor Memorabilia Ltd,0,0,
Johnny Palmer,0,0,,6,600,Peabody Workwear Ltd,1,703,Boyle Traders Ltd,6,364,Billingham Trading Ltd,6,847,Oakes Workshops Ltd
